order,name_jp,lat,lng,rapid_stop,service
1,東京,35.6809,139.7671,1,rapid_and_local
2,上野,35.713768,139.777254,1,rapid_and_local
3,尾久,35.746783,139.754635,0,local_only
4,赤羽,35.778051,139.720856,1,rapid_and_local
5,浦和,35.858482,139.657087,1,rapid_and_local
6,さいたま新都心,35.893867,139.633587,0,local_only
7,大宮,35.906295,139.623999,1,rapid_and_local
8,土呂,35.931825,139.632026,0,local_only
9,東大宮,35.948751,139.640291,1,rapid_and_local
10,蓮田,35.981361,139.652905,1,rapid_and_local
11,白岡,36.017415,139.666793,0,local_only
12,新白岡,36.03874,139.672089,0,local_only
13,久喜,36.065703,139.677295,1,rapid_and_local
14,東鷲宮,36.089456,139.679228,0,local_only
15,栗橋,36.136798,139.694208,0,local_only
16,古河,36.194375,139.709726,1,rapid_and_local
17,野木,36.23034,139.734998,0,local_only
18,間々田,36.257885,139.760967,0,local_only
19,小山,36.3142,139.80685,1,rapid_and_local
20,小金井,36.37493,139.842529,1,rapid_and_local
21,自治医大,36.395172,139.854524,1,rapid_and_local
22,石橋,36.436489,139.866527,1,rapid_and_local
23,雀宮,36.493841,139.876791,1,rapid_and_local
24,宇都宮,36.558701,139.898283,1,rapid_and_local
